Workbook

Sheet Dashboard
A1: DASHBOARD DỰ ÁN
A3: Dự án | B3: DA-MAU-01 – Nền tảng quản lý học liệu số (mẫu)
A4: Chủ nhiệm dự án | B4: Phạm Văn Xuân (mẫu)
A5: Kỳ báo cáo | B5: Tháng 09/2026
A7: 1. Tiến độ tổng thể
A8: % kế hoạch (trung bình các gói việc) | B8: =AVERAGE(Tracker!G4:G9)
A9: % thực tế (chỉ tính khi mọi gói việc đã có minh chứng) | B9: =IF(COUNT(Tracker!H4:H9)=COUNTA(Tracker!A4:A9),AVERAGE(Tracker!H4:H9),"")
A10: Số gói việc: Hoàn thành | B10: =COUNTIF(Tracker!J4:J9,"Hoàn thành")
A11: Số gói việc: Đúng tiến độ | B11: =COUNTIF(Tracker!J4:J9,"Đúng tiến độ")
A12: Số gói việc: Có nguy cơ chậm | B12: =COUNTIF(Tracker!J4:J9,"Có nguy cơ chậm")
A13: Số gói việc: Chậm | B13: =COUNTIF(Tracker!J4:J9,"Chậm")
A14: Ngân sách được duyệt (triệu đồng) | B14: 600
A15: Tổng ngân sách phân bổ theo gói việc (triệu đồng) | B15: =Tracker!F10
A17: 2. Vấn đề nghiêm trọng nhất (theo mức độ)
A18: Mã | B18: Mô tả | C18: Mức độ | D18: Người xử lý | E18: Hạn xử lý
A19: IS-01 | B19: Môi trường thử chưa cấp quyền kết nối hệ thống đăng nhập của trường | C19: nghiêm trọng | D19: Lê Minh Khôi | E19: 46310
A20: IS-02 | B20: Giao diện tải lên chậm với tệp trên 500 MB | C20: trung bình | D20: Trần Văn Hải | E20: 46295
A21: IS-03 | B21: Thiếu người dùng thử tại Khoa B (mẫu) | C21: nhẹ
A23: 3. Rủi ro hàng đầu
A24: Mã | B24: Rủi ro | C24: Xác suất | D24: Mức tác động | E24: Biện pháp giảm thiểu
A25: RK-01 | B25: Chậm cấp quyền kết nối làm trượt mốc WP4 và WP5 | C25: cao | D25: cao | E25: Họp với đơn vị quản lý hệ thống đăng nhập để chốt ngày cấp quyền
A26: RK-02 | B26: Người dùng thử không đủ để đánh giá | C26: trung bình | D26: trung bình
A29: 4. Quyết định cần lãnh đạo viện
A30: STT | B30: Nội dung quyết định | C30: Phương án đề xuất | D30: Hạn quyết định | E30: Hậu quả nếu không quyết

Sheet Tracker
A1: Tracker tiến độ – DA-MAU-01 – Nền tảng quản lý học liệu số (mẫu) – Kỳ báo cáo Tháng 09/2026
A3: Mã | B3: Gói việc | C3: Mốc hoàn thành | D3: Người phụ trách | E3: Sản phẩm bàn giao | F3: Ngân sách phân bổ (triệu đồng) | G3: % kế hoạch | H3: % thực tế | I3: Chênh lệch (điểm %) | J3: Trạng thái | K3: Minh chứng
A4: WP1 | B4: Khảo sát nhu cầu và chốt yêu cầu | C4: 46188 | D4: Nguyễn Thị Lan | E4: Tài liệu yêu cầu được 2 khoa ký xác nhận | F4: 60 | G4: 1 | H4: 1 | I4: =IF(H4="","",(H4-G4)*100) | J4: =IF(H4="","",IF(H4=1,"Hoàn thành",IF(I4>=-5,"Đúng tiến độ",IF(I4>-10,"Có nguy cơ chậm","Chậm")))) | K4: Biên bản nghiệm thu yêu cầu ngày 14/06/2026
A5: WP2 | B5: Thiết kế kiến trúc và giao diện | C5: 46234 | D5: Trần Văn Hải | E5: Bản thiết kế được duyệt | F5: 120 | G5: 1 | H5: 0.9 | I5: =IF(H5="","",(H5-G5)*100) | J5: =IF(H5="","",IF(H5=1,"Hoàn thành",IF(I5>=-5,"Đúng tiến độ",IF(I5>-10,"Có nguy cơ chậm","Chậm")))) | K5: Bản thiết kế v0.9 (file)
A6: WP3 | B6: Phát triển module tải lên và phân loại học liệu | C6: 46280 | D6: Trần Văn Hải | E6: Module chạy được trên môi trường thử | F6: 150 | G6: 1 | H6: 0.7 | I6: =IF(H6="","",(H6-G6)*100) | J6: =IF(H6="","",IF(H6=1,"Hoàn thành",IF(I6>=-5,"Đúng tiến độ",IF(I6>-10,"Có nguy cơ chậm","Chậm")))) | K6: Báo cáo kiểm thử nội bộ ngày 12/09/2026
A7: WP4 | B7: Tích hợp đăng nhập một lần với hệ thống của trường | C7: 46295 | D7: Lê Minh Khôi | E7: Đăng nhập thử thành công với 20 tài khoản mẫu | F7: 100 | G7: 0.8 | I7: =IF(H7="","",(H7-G7)*100) | J7: =IF(H7="","",IF(H7=1,"Hoàn thành",IF(I7>=-5,"Đúng tiến độ",IF(I7>-10,"Có nguy cơ chậm","Chậm"))))
A8: WP5 | B8: Đào tạo người dùng và chạy thử | C8: 46325 | D8: Nguyễn Thị Lan | E8: Hoàn thành giai đoạn chạy thử | F8: 110 | G8: 0.2 | H8: 0.2 | I8: =IF(H8="","",(H8-G8)*100) | J8: =IF(H8="","",IF(H8=1,"Hoàn thành",IF(I8>=-5,"Đúng tiến độ",IF(I8>-10,"Có nguy cơ chậm","Chậm")))) | K8: Kế hoạch đào tạo đã duyệt
A9: WP6 | B9: Nghiệm thu và bàn giao | C9: 46356 | D9: Phạm Văn Xuân (mẫu) | E9: Biên bản nghiệm thu dự án | F9: 100 | G9: 0 | H9: 0 | I9: =IF(H9="","",(H9-G9)*100) | J9: =IF(H9="","",IF(H9=1,"Hoàn thành",IF(I9>=-5,"Đúng tiến độ",IF(I9>-10,"Có nguy cơ chậm","Chậm")))) | K9: Chưa đến hạn
B10: Tổng ngân sách phân bổ theo gói việc | F10: =SUM(F4:F9)

Sheet Issue log
A1: Issue log – DA-MAU-01 – Nền tảng quản lý học liệu số (mẫu)
A2: Ngày đối chiếu hạn xử lý: | B2: 46305
A4: Mã | B4: Mô tả vấn đề | C4: Mức độ | D4: Người xử lý | E4: Hạn xử lý | F4: Trạng thái | G4: Ngày ghi nhận | H4: Quá hạn chưa đóng
A5: IS-01 | B5: Môi trường thử chưa cấp quyền kết nối hệ thống đăng nhập của trường | C5: nghiêm trọng | D5: Lê Minh Khôi | E5: 46310 | F5: đang xử lý | G5: 46293 | H5: =IF(AND(E5<>"",F5<>"đóng",E5<$B$2),"Quá hạn","")
A6: IS-02 | B6: Giao diện tải lên chậm với tệp trên 500 MB | C6: trung bình | D6: Trần Văn Hải | E6: 46295 | F6: mở | G6: 46275 | H6: =IF(AND(E6<>"",F6<>"đóng",E6<$B$2),"Quá hạn","")
A7: IS-03 | B7: Thiếu người dùng thử tại Khoa B (mẫu) | C7: nhẹ | F7: mở | G7: 46270 | H7: =IF(AND(E7<>"",F7<>"đóng",E7<$B$2),"Quá hạn","")

Sheet Risk log
A1: Risk log – DA-MAU-01 – Nền tảng quản lý học liệu số (mẫu)
A3: Mã | B3: Rủi ro | C3: Xác suất | D3: Mức tác động | E3: Biện pháp giảm thiểu | F3: Người theo dõi | G3: Hạn rà soát lại
A4: RK-01 | B4: Chậm cấp quyền kết nối làm trượt mốc WP4 và WP5 | C4: cao | D4: cao | E4: Họp với đơn vị quản lý hệ thống đăng nhập để chốt ngày cấp quyền | F4: Lê Minh Khôi | G4: 46307
A5: RK-02 | B5: Người dùng thử không đủ để đánh giá | C5: trung bình | D5: trung bình | F5: Nguyễn Thị Lan
